channel,transaction_count,total_amount,average_amount
POS,6453,16227386643.449978,2514704.268317058
ATM,6417,15793075089.549992,2461130.604573787
Branch,6410,16016564734.590014,2498684.0459578806
Online,6218,15360108797.530006,2470265.1652508858
