location,transaction_count,total_amount,percentage_of_total
Yangon,8950,22332746953.749943,35.1008
Mandalay,2129,5281250182.260001,8.3497
Naypyidaw,1912,4734209952.430009,7.4986
Monywa,1852,4503833784.71001,7.2633
Myitkyina,1824,4580858816.91,7.1535
Mawlamyine,1813,4516873924.270003,7.1104
Sittwe,1808,4506800695.150009,7.0908
Pathein,1768,4432467004.479996,6.9339
Bago,1727,4305596664.989995,6.7731
Taunggyi,1715,4202497286.170002,6.726
