gender,No Response,Responded,Total,Response Rate (%)
Female,1550,1610,3160,50.9493670886076
Male,1761,1779,3540,50.25423728813559
Other,1652,1648,3300,49.93939393939394
