location,total_transactions,fraud_count,fraud_rate
Naypyidaw,1912,1010,52.82426778242678
Taunggyi,1715,887,51.72011661807581
Mandalay,2129,1087,51.05683419445749
Yangon,8950,4564,50.99441340782123
Pathein,1768,896,50.678733031674206
Bago,1727,868,50.260567458019686
Monywa,1852,926,50.0
Sittwe,1808,899,49.72345132743363
Myitkyina,1824,888,48.68421052631579
Mawlamyine,1813,872,48.09707666850524
