age_group,No Response,Responded,Total,Response Rate (%)
0-18,0,0,0,
19-25,629,571,1200,47.583333333333336
26-35,871,829,1700,48.76470588235294
36-45,684,726,1410,51.48936170212765
46-55,715,785,1500,52.33333333333333
56-65,688,742,1430,51.88811188811189
65+,1376,1384,2760,50.14492753623189
