income_bracket,Conversion_Rate
Low,0.3803535997867584
Medium-Low,0.402413824275136
Medium,0.4545207139849663
Medium-High,0.44797936242073777
High,0.4448120491951704
