income_bracket,Conversion_Rate
Low,0.9988237023353577
Medium-Low,0.9988237023353577
Medium,0.9988237023353577
Medium-High,0.9988237023353577
High,0.9988237023353577
