"Model","Accuracy","AUC","Sensitivity","Specificity"
"Logistic Regression",0.507502500833611,0.498759099933819,0.513440860215054,0.501654533421575
"Naive Bayes",0.508502834278093,0.496257730051308,0.508736559139785,0.508272667107876
"XGBoost",0.494831610536846,0.510807839286096,0.487231182795699,0.502316346790205
