"group","total","responded","response_rate"
"A",4943,2446,0.494841189560995
"B",5057,2591,0.51235910618944
